CREATE DATABASE  IF NOT EXISTS `littlelemondb` /*!40100 DEFAULT CHARACTER SET utf8mb3 */ /*!80016 DEFAULT ENCRYPTION='N' */;
USE `littlelemondb`;
-- MySQL dump 10.13  Distrib 8.0.41, for Win64 (x86_64)
--
-- Host: 127.0.0.1    Database: littlelemondb
-- ------------------------------------------------------
-- Server version	8.0.41

/*!40101 SET @OLD_CHARACTER_SET_CLIENT=@@CHARACTER_SET_CLIENT */;
/*!40101 SET @OLD_CHARACTER_SET_RESULTS=@@CHARACTER_SET_RESULTS */;
/*!40101 SET @OLD_COLLATION_CONNECTION=@@COLLATION_CONNECTION */;
/*!50503 SET NAMES utf8 */;
/*!40103 SET @OLD_TIME_ZONE=@@TIME_ZONE */;
/*!40103 SET TIME_ZONE='+00:00' */;
/*!40014 SET @OLD_UNIQUE_CHECKS=@@UNIQUE_CHECKS, UNIQUE_CHECKS=0 */;
/*!40014 SET @OLD_FOREIGN_KEY_CHECKS=@@FOREIGN_KEY_CHECKS, FOREIGN_KEY_CHECKS=0 */;
/*!40101 SET @OLD_SQL_MODE=@@SQL_MODE, SQL_MODE='NO_AUTO_VALUE_ON_ZERO' */;
/*!40111 SET @OLD_SQL_NOTES=@@SQL_NOTES, SQL_NOTES=0 */;

--
-- Table structure for table `bookings`
--

DROP TABLE IF EXISTS `bookings`;
/*!40101 SET @saved_cs_client     = @@character_set_client */;
/*!50503 SET character_set_client = utf8mb4 */;
CREATE TABLE `bookings` (
  `BookingID` int NOT NULL AUTO_INCREMENT,
  `BookingDate` date NOT NULL,
  `TableNumber` int NOT NULL,
  `CustomerID` int NOT NULL,
  PRIMARY KEY (`BookingID`),
  KEY `CustomerID_idx` (`CustomerID`),
  CONSTRAINT `FK_Bookings_CustomerID` FOREIGN KEY (`CustomerID`) REFERENCES `customers` (`CustomerID`) ON DELETE CASCADE ON UPDATE CASCADE
) ENGINE=InnoDB AUTO_INCREMENT=10 DEFAULT CHARSET=utf8mb3;
/*!40101 SET character_set_client = @saved_cs_client */;

--
-- Dumping data for table `bookings`
--

LOCK TABLES `bookings` WRITE;
/*!40000 ALTER TABLE `bookings` DISABLE KEYS */;
INSERT INTO `bookings` VALUES (1,'2022-10-10',5,1),(2,'2022-11-12',3,3),(3,'2022-10-11',2,2),(4,'2022-10-13',2,1),(5,'2022-12-17',6,999);
/*!40000 ALTER TABLE `bookings` ENABLE KEYS */;
UNLOCK TABLES;

--
-- Table structure for table `customers`
--

DROP TABLE IF EXISTS `customers`;
/*!40101 SET @saved_cs_client     = @@character_set_client */;
/*!50503 SET character_set_client = utf8mb4 */;
CREATE TABLE `customers` (
  `CustomerID` int NOT NULL AUTO_INCREMENT,
  `FullName` varchar(255) NOT NULL,
  `Email` varchar(255) NOT NULL,
  `ContactNumber` varchar(255) NOT NULL,
  PRIMARY KEY (`CustomerID`)
) ENGINE=InnoDB AUTO_INCREMENT=1000 DEFAULT CHARSET=utf8mb3;
/*!40101 SET character_set_client = @saved_cs_client */;

--
-- Dumping data for table `customers`
--

LOCK TABLES `customers` WRITE;
/*!40000 ALTER TABLE `customers` DISABLE KEYS */;
INSERT INTO `customers` VALUES (1,'Alice Smith','alice@example.com','1234567890'),(2,'Bob Johnson','bob@example.com','9876543210'),(3,'Carla Gomez','carla@example.com','5551234567'),(4,'David Lee','david@example.com','4449876543'),(5,'Emma Davis','emma@example.com','3337778899'),(999,'Guest','Guest','Guest');
/*!40000 ALTER TABLE `customers` ENABLE KEYS */;
UNLOCK TABLES;

--
-- Table structure for table `menu`
--

DROP TABLE IF EXISTS `menu`;
/*!40101 SET @saved_cs_client     = @@character_set_client */;
/*!50503 SET character_set_client = utf8mb4 */;
CREATE TABLE `menu` (
  `MenuID` int NOT NULL AUTO_INCREMENT,
  `MenuName` varchar(45) NOT NULL,
  `Cuisine` varchar(45) NOT NULL,
  `MenuItemID` int NOT NULL,
  PRIMARY KEY (`MenuID`),
  KEY `MenuItemID_idx` (`MenuItemID`),
  CONSTRAINT `FK_Menu_MenuItemID` FOREIGN KEY (`MenuItemID`) REFERENCES `menuitems` (`MenuItemID`) ON DELETE CASCADE ON UPDATE CASCADE
) ENGINE=InnoDB AUTO_INCREMENT=7 DEFAULT CHARSET=utf8mb3;
/*!40101 SET character_set_client = @saved_cs_client */;

--
-- Dumping data for table `menu`
--

LOCK TABLES `menu` WRITE;
/*!40000 ALTER TABLE `menu` DISABLE KEYS */;
INSERT INTO `menu` VALUES (1,'Italian Classics','Italian',1),(2,'Italian Classics','Italian',2),(3,'Italian Mains','Italian',3),(4,'Italian Mains','Italian',4),(5,'Sweet Delights','Italian',5),(6,'Sweet Delights','Italian',6);
/*!40000 ALTER TABLE `menu` ENABLE KEYS */;
UNLOCK TABLES;

--
-- Table structure for table `menuitems`
--

DROP TABLE IF EXISTS `menuitems`;
/*!40101 SET @saved_cs_client     = @@character_set_client */;
/*!50503 SET character_set_client = utf8mb4 */;
CREATE TABLE `menuitems` (
  `MenuItemID` int NOT NULL AUTO_INCREMENT,
  `MenuItemName` varchar(255) NOT NULL,
  `Type` enum('starter','course','dessert') NOT NULL,
  `Price` decimal(6,2) NOT NULL,
  `Stock` int NOT NULL,
  PRIMARY KEY (`MenuItemID`)
) ENGINE=InnoDB AUTO_INCREMENT=7 DEFAULT CHARSET=utf8mb3;
/*!40101 SET character_set_client = @saved_cs_client */;

--
-- Dumping data for table `menuitems`
--

LOCK TABLES `menuitems` WRITE;
/*!40000 ALTER TABLE `menuitems` DISABLE KEYS */;
INSERT INTO `menuitems` VALUES (1,'Bruschetta','starter',6.99,50),(2,'Garlic Bread','starter',5.50,40),(3,'Margherita Pizza','course',12.99,30),(4,'Lasagna','course',14.99,25),(5,'Tiramisu','dessert',5.99,20),(6,'Panna Cotta','dessert',6.50,18);
/*!40000 ALTER TABLE `menuitems` ENABLE KEYS */;
UNLOCK TABLES;

--
-- Table structure for table `orderdeliverystatus`
--

DROP TABLE IF EXISTS `orderdeliverystatus`;
/*!40101 SET @saved_cs_client     = @@character_set_client */;
/*!50503 SET character_set_client = utf8mb4 */;
CREATE TABLE `orderdeliverystatus` (
  `OrderDeliveryID` int NOT NULL AUTO_INCREMENT,
  `Status` varchar(45) NOT NULL,
  `DeliveryDate` date DEFAULT NULL,
  PRIMARY KEY (`OrderDeliveryID`)
) ENGINE=InnoDB AUTO_INCREMENT=6 DEFAULT CHARSET=utf8mb3;
/*!40101 SET character_set_client = @saved_cs_client */;

--
-- Dumping data for table `orderdeliverystatus`
--

LOCK TABLES `orderdeliverystatus` WRITE;
/*!40000 ALTER TABLE `orderdeliverystatus` DISABLE KEYS */;
INSERT INTO `orderdeliverystatus` VALUES (1,'Delivered','2025-04-08'),(2,'Pending',NULL),(3,'Delivered','2025-04-10'),(4,'Delivered','2025-04-11'),(5,'Cancelled',NULL);
/*!40000 ALTER TABLE `orderdeliverystatus` ENABLE KEYS */;
UNLOCK TABLES;

--
-- Table structure for table `orders`
--

DROP TABLE IF EXISTS `orders`;
/*!40101 SET @saved_cs_client     = @@character_set_client */;
/*!50503 SET character_set_client = utf8mb4 */;
CREATE TABLE `orders` (
  `OrderID` int NOT NULL AUTO_INCREMENT,
  `Date` date NOT NULL,
  `Quantity` int NOT NULL,
  `TotalCost` decimal(6,2) NOT NULL,
  `MenuID` int NOT NULL,
  `StaffID` int NOT NULL,
  `CustomerID` int NOT NULL,
  `OrderDeliveryID` int DEFAULT NULL,
  PRIMARY KEY (`OrderID`),
  KEY `MenuID_idx` (`MenuID`),
  KEY `StaffID_idx` (`StaffID`),
  KEY `OrderDeliveryID_idx` (`OrderDeliveryID`),
  KEY `CustomerID_idx` (`CustomerID`) /*!80000 INVISIBLE */,
  CONSTRAINT `FK_Orders_CustomerID` FOREIGN KEY (`CustomerID`) REFERENCES `customers` (`CustomerID`) ON DELETE CASCADE ON UPDATE CASCADE,
  CONSTRAINT `FK_Orders_MenuID` FOREIGN KEY (`MenuID`) REFERENCES `menu` (`MenuID`) ON DELETE CASCADE ON UPDATE CASCADE,
  CONSTRAINT `FK_Orders_OrderDeliveryID` FOREIGN KEY (`OrderDeliveryID`) REFERENCES `orderdeliverystatus` (`OrderDeliveryID`) ON DELETE CASCADE ON UPDATE CASCADE,
  CONSTRAINT `FK_Orders_StaffID` FOREIGN KEY (`StaffID`) REFERENCES `staff` (`StaffID`) ON DELETE CASCADE ON UPDATE CASCADE
) ENGINE=InnoDB AUTO_INCREMENT=6 DEFAULT CHARSET=utf8mb3;
/*!40101 SET character_set_client = @saved_cs_client */;

--
-- Dumping data for table `orders`
--

LOCK TABLES `orders` WRITE;
/*!40000 ALTER TABLE `orders` DISABLE KEYS */;
INSERT INTO `orders` VALUES (2,'2025-04-09',3,38.97,3,2,2,2),(3,'2025-04-10',2,11.49,2,1,3,3),(4,'2025-04-11',1,210.00,4,3,4,4),(5,'2025-04-12',2,250.00,5,4,5,5);
/*!40000 ALTER TABLE `orders` ENABLE KEYS */;
UNLOCK TABLES;

--
-- Temporary view structure for view `ordersview`
--

DROP TABLE IF EXISTS `ordersview`;
/*!50001 DROP VIEW IF EXISTS `ordersview`*/;
SET @saved_cs_client     = @@character_set_client;
/*!50503 SET character_set_client = utf8mb4 */;
/*!50001 CREATE VIEW `ordersview` AS SELECT 
 1 AS `OrderID`,
 1 AS `Quantity`,
 1 AS `Cost`*/;
SET character_set_client = @saved_cs_client;

--
-- Table structure for table `staff`
--

DROP TABLE IF EXISTS `staff`;
/*!40101 SET @saved_cs_client     = @@character_set_client */;
/*!50503 SET character_set_client = utf8mb4 */;
CREATE TABLE `staff` (
  `StaffID` int NOT NULL AUTO_INCREMENT,
  `StaffName` varchar(255) NOT NULL,
  `Role` varchar(45) NOT NULL,
  `Salary` int NOT NULL,
  PRIMARY KEY (`StaffID`)
) ENGINE=InnoDB AUTO_INCREMENT=5 DEFAULT CHARSET=utf8mb3;
/*!40101 SET character_set_client = @saved_cs_client */;

--
-- Dumping data for table `staff`
--

LOCK TABLES `staff` WRITE;
/*!40000 ALTER TABLE `staff` DISABLE KEYS */;
INSERT INTO `staff` VALUES (1,'John Doe','Waiter',30000),(2,'Jane Roe','Chef',45000),(3,'Mark Lin','Manager',60000),(4,'Olivia Kim','Waiter',32000);
/*!40000 ALTER TABLE `staff` ENABLE KEYS */;
UNLOCK TABLES;

--
-- Final view structure for view `ordersview`
--

/*!50001 DROP VIEW IF EXISTS `ordersview`*/;
/*!50001 SET @saved_cs_client          = @@character_set_client */;
/*!50001 SET @saved_cs_results         = @@character_set_results */;
/*!50001 SET @saved_col_connection     = @@collation_connection */;
/*!50001 SET character_set_client      = utf8mb4 */;
/*!50001 SET character_set_results     = utf8mb4 */;
/*!50001 SET collation_connection      = utf8mb4_0900_ai_ci */;
/*!50001 CREATE ALGORITHM=UNDEFINED */
/*!50013 DEFINER=`db`@`%` SQL SECURITY DEFINER */
/*!50001 VIEW `ordersview` AS select `orders`.`OrderID` AS `OrderID`,`orders`.`Quantity` AS `Quantity`,`orders`.`TotalCost` AS `Cost` from `orders` where (`orders`.`Quantity` > 2) */;
/*!50001 SET character_set_client      = @saved_cs_client */;
/*!50001 SET character_set_results     = @saved_cs_results */;
/*!50001 SET collation_connection      = @saved_col_connection */;
/*!40103 SET TIME_ZONE=@OLD_TIME_ZONE */;

/*!40101 SET SQL_MODE=@OLD_SQL_MODE */;
/*!40014 SET FOREIGN_KEY_CHECKS=@OLD_FOREIGN_KEY_CHECKS */;
/*!40014 SET UNIQUE_CHECKS=@OLD_UNIQUE_CHECKS */;
/*!40101 SET CHARACTER_SET_CLIENT=@OLD_CHARACTER_SET_CLIENT */;
/*!40101 SET CHARACTER_SET_RESULTS=@OLD_CHARACTER_SET_RESULTS */;
/*!40101 SET COLLATION_CONNECTION=@OLD_COLLATION_CONNECTION */;
/*!40111 SET SQL_NOTES=@OLD_SQL_NOTES */;

-- Dump completed on 2025-04-09 18:32:07
